<?xml version="1.0" encoding="utf-8"?>
<!--Update: colormap.xml Date: 17/06/14 13.40-->
<update>
<colors>
<colormap id="22" ldd="22" bl="94" ldraw="351" r="208" g="80" b="152" a="255" inuse="0" metallic="0" transparent="0" glitter="0" lddname="Medium Reddish Violet" group="14" notes="pre-1995" lastmod="2013-07-23 15:47:15.087"></colormap>
<colormap id="24" ldd="24" bl="3" ldraw="14" r="250" g="200" b="10" a="255" inuse="1" metallic="0" transparent="0" glitter="0" lddname="Bright Yellow" group="8" notes="" lastmod="2013-07-23 16:08:00.081"></colormap>
<colormap id="136" ldd="226" bl="103" ldraw="226" r="255" g="236" b="108" a="255" inuse="0" metallic="0" transparent="0" glitter="0" lddname="Cool Yellow" group="8" notes="" lastmod="2013-07-23 15:58:38.345"></colormap>
<colormap id="170" ldd="132" bl="111" ldraw="133" r="0" g="0" b="0" a="255" inuse="0" metallic="0" transparent="0" glitter="0" lddname="Black Glitter" group="0" notes="" lastmod="2013-09-06 22:01:05.506"></colormap>
<colormap id="181" ldd="0" bl="0" ldraw="65" r="245" g="205" b="47" a="255" inuse="0" metallic="0" transparent="0" glitter="0" lddname="Yellow (rubber)" group="8" notes="Ldraw specific color" lastmod="2013-09-17 17:58:04.962"></colormap>
<colormap id="182" ldd="0" bl="0" ldraw="490" r="215" g="240" b="0" a="255" inuse="0" metallic="0" transparent="0" glitter="0" lddname="Lime (rubber)" group="8" notes="Ldraw specific color" lastmod="2013-09-17 17:58:08.362"></colormap>
<colormap id="1" ldd="1" bl="1" ldraw="15" r="244" g="244" b="244" a="255" inuse="1" metallic="0" transparent="0" glitter="0" lddname="White" group="3" notes="" lastmod="2013-09-18 15:46:32.085"></colormap>
<colormap id="2" ldd="2" bl="9" ldraw="7" r="138" g="146" b="141" a="255" inuse="0" metallic="0" transparent="0" glitter="0" lddname="Grey" group="2" notes="Disc. 2003" lastmod="2013-09-18 15:46:38.13"></colormap>
<colormap id="3" ldd="3" bl="33" ldraw="18" r="255" g="214" b="127" a="255" inuse="0" metallic="0" transparent="0" glitter="0" lddname="Light Yellow" group="8" notes="Disc. 2003" lastmod="2013-09-18 15:46:49.002"></colormap>
<colormap id="4" ldd="4" bl="25" ldraw="12" r="242" g="112" b="94" a="255" inuse="0" metallic="0" transparent="0" glitter="0" lddname="Brick Red" group="6" notes="" lastmod="2013-09-18 15:46:52.067"></colormap>
<colormap id="5" ldd="5" bl="2" ldraw="19" r="176" g="160" b="111" a="255" inuse="1" metallic="0" transparent="0" glitter="0" lddname="Brick Yellow" group="5" notes="" lastmod="2013-09-18 15:46:56.33"></colormap>
<colormap id="6" ldd="6" bl="38" ldraw="17" r="173" g="217" b="168" a="255" inuse="0" metallic="0" transparent="0" glitter="0" lddname="Light Green" group="9" notes="Disc. 2007" lastmod="2013-09-18 15:47:00.115"></colormap>
<colormap id="11" ldd="11" bl="72" ldraw="313" r="171" g="217" b="255" a="255" inuse="0" metallic="0" transparent="0" glitter="0" lddname="Pastel Blue" group="12" notes="Disc. 2004" lastmod="2013-09-18 15:47:19.723"></colormap>
<colormap id="12" ldd="12" bl="106" ldraw="450" r="216" g="109" b="44" a="255" inuse="0" metallic="0" transparent="0" glitter="0" lddname="Light Orange Brown" group="7" notes="Fabuland" lastmod="2013-09-18 15:47:32.33"></colormap>
<colormap id="16" ldd="16" bl="23" ldraw="-1" r="255" g="135" b="156" a="255" inuse="0" metallic="0" transparent="0" glitter="0" lddname="Pink" group="15" notes="Disc. 2004" lastmod="2013-09-18 15:47:42.178"></colormap>
<colormap id="18" ldd="18" bl="28" ldraw="92" r="187" g="128" b="90" a="255" inuse="0" metallic="0" transparent="0" glitter="0" lddname="Nougat" group="4" notes="" lastmod="2013-09-18 15:47:53.307"></colormap>
<colormap id="21" ldd="21" bl="5" ldraw="4" r="180" g="0" b="0" a="255" inuse="1" metallic="0" transparent="0" glitter="0" lddname="Bright Red" group="6" notes="" lastmod="2013-09-18 15:48:00.859"></colormap>
<colormap id="23" ldd="23" bl="7" ldraw="1" r="30" g="90" b="168" a="255" inuse="1" metallic="0" transparent="0" glitter="0" lddname="Bright Blue" group="11" notes="" lastmod="2013-09-18 15:48:10.89"></colormap>
<colormap id="25" ldd="25" bl="29" ldraw="366" r="84" g="51" b="36" a="255" inuse="0" metallic="0" transparent="0" glitter="0" lddname="Earth Orange" group="4" notes="" lastmod="2013-09-18 15:48:15.849"></colormap>
<colormap id="26" ldd="26" bl="11" ldraw="0" r="27" g="42" b="52" a="255" inuse="1" metallic="0" transparent="0" glitter="0" lddname="Black" group="0" notes="" lastmod="2013-09-18 15:48:21.569"></colormap>
<colormap id="27" ldd="27" bl="10" ldraw="8" r="84" g="89" b="85" a="255" inuse="0" metallic="0" transparent="0" glitter="0" lddname="Dark Grey" group="1" notes="Disc. 2003" lastmod="2013-09-18 15:48:24.721"></colormap>
<colormap id="28" ldd="28" bl="6" ldraw="2" r="0" g="133" b="43" a="255" inuse="1" metallic="0" transparent="0" glitter="0" lddname="Dark Green" group="10" notes="" lastmod="2013-09-18 15:48:28.089"></colormap>
<colormap id="29" ldd="29" bl="37" ldraw="74" r="127" g="196" b="117" a="255" inuse="0" metallic="0" transparent="0" glitter="0" lddname="Medium Green" group="9" notes="" lastmod="2013-09-18 15:48:30.713"></colormap>
<colormap id="30" ldd="36" bl="96" ldraw="68" r="253" g="195" b="131" a="255" inuse="0" metallic="0" transparent="0" glitter="0" lddname="Light Yellowish Orange" group="7" notes="" lastmod="2013-09-18 15:48:36.953"></colormap>
<colormap id="31" ldd="37" bl="36" ldraw="10" r="88" g="171" b="65" a="255" inuse="1" metallic="0" transparent="0" glitter="0" lddname="Bright Green" group="9" notes="" lastmod="2013-09-18 15:48:45.105"></colormap>
<colormap id="32" ldd="38" bl="68" ldraw="484" r="145" g="80" b="28" a="255" inuse="1" metallic="0" transparent="0" glitter="0" lddname="Dark Orange" group="4" notes="" lastmod="2013-09-18 15:48:49.121"></colormap>
<colormap id="33" ldd="39" bl="44" ldraw="20" r="175" g="190" b="214" a="255" inuse="0" metallic="0" transparent="0" glitter="0" lddname="Light Bluish Violet" group="13" notes="" lastmod="2013-09-18 15:48:53.032"></colormap>
<colormap id="39" ldd="45" bl="62" ldraw="9" r="151" g="203" b="217" a="255" inuse="0" metallic="0" transparent="0" glitter="0" lddname="Light Blue" group="12" notes="" lastmod="2013-09-18 15:48:57.057"></colormap>
<colormap id="43" ldd="50" bl="46" ldraw="294" r="229" g="223" b="211" a="255" inuse="0" metallic="0" transparent="0" glitter="0" lddname="Phosphorescent White" group="3" notes="Also LEGO #294 (greenish)" lastmod="2013-09-18 15:49:00.745"></colormap>
<colormap id="44" ldd="100" bl="26" ldraw="100" r="249" g="183" b="165" a="255" inuse="0" metallic="0" transparent="0" glitter="0" lddname="Light Red" group="6" notes="" lastmod="2013-09-18 15:49:10.065"></colormap>
<colormap id="45" ldd="101" bl="0" ldraw="101" r="240" g="109" b="97" a="255" inuse="0" metallic="0" transparent="0" glitter="0" lddname="Medium Red" group="6" notes="" lastmod="2013-09-18 15:49:12.281"></colormap>
<colormap id="46" ldd="102" bl="42" ldraw="73" r="115" g="150" b="200" a="255" inuse="1" metallic="0" transparent="0" glitter="0" lddname="Medium Blue" group="11" notes="" lastmod="2013-09-18 15:49:14.993"></colormap>
<colormap id="47" ldd="103" bl="49" ldraw="503" r="188" g="180" b="165" a="255" inuse="0" metallic="0" transparent="0" glitter="0" lddname="Light Grey" group="2" notes="Disc. 2003" lastmod="2013-09-18 15:49:18.697"></colormap>
<colormap id="49" ldd="105" bl="31" ldraw="462" r="245" g="134" b="36" a="255" inuse="0" metallic="0" transparent="0" glitter="0" lddname="Bright Yellowish Orange" group="7" notes="" lastmod="2013-09-18 15:49:22.593"></colormap>
<colormap id="50" ldd="106" bl="4" ldraw="25" r="214" g="121" b="35" a="255" inuse="1" metallic="0" transparent="0" glitter="0" lddname="Bright Orange" group="7" notes="" lastmod="2013-09-18 15:49:24.377"></colormap>
<colormap id="51" ldd="107" bl="39" ldraw="3" r="6" g="157" b="159" a="255" inuse="0" metallic="0" transparent="0" glitter="0" lddname="Bright Bluish Green" group="12" notes="" lastmod="2013-09-18 15:49:38.905"></colormap>
<colormap id="53" ldd="109" bl="0" ldraw="-1" r="0" g="20" b="20" a="255" inuse="0" metallic="0" transparent="0" glitter="0" lddname="Pc Black Ir" group="0" notes="Infrared cover" lastmod="2013-09-18 15:49:50.505"></colormap>
<colormap id="54" ldd="110" bl="43" ldraw="110" r="38" g="70" b="154" a="255" inuse="0" metallic="0" transparent="0" glitter="0" lddname="Bright Bluish Violet" group="13" notes="" lastmod="2013-09-18 15:49:57.073"></colormap>
<colormap id="56" ldd="112" bl="97" ldraw="112" r="72" g="97" b="172" a="255" inuse="0" metallic="0" transparent="0" glitter="0" lddname="Medium Bluish Violet" group="13" notes="Intro 2004, last 2005, KKII" lastmod="2013-09-18 15:50:02.369"></colormap>
<colormap id="59" ldd="115" bl="76" ldraw="115" r="183" g="212" b="37" a="255" inuse="0" metallic="0" transparent="0" glitter="0" lddname="Medium Yellowish Green" group="9" notes="" lastmod="2013-09-18 15:50:05.937"></colormap>
<colormap id="60" ldd="116" bl="40" ldraw="11" r="0" g="170" b="164" a="255" inuse="0" metallic="0" transparent="0" glitter="0" lddname="Medium Bluish Green" group="12" notes="" lastmod="2013-09-18 15:50:10.073"></colormap>
<colormap id="62" ldd="118" bl="41" ldraw="118" r="156" g="214" b="204" a="255" inuse="0" metallic="0" transparent="0" glitter="0" lddname="Light Bluish Green" group="12" notes="Intro 1998, last 2006" lastmod="2013-09-18 15:50:17.145"></colormap>
<colormap id="63" ldd="119" bl="34" ldraw="27" r="165" g="202" b="24" a="255" inuse="1" metallic="0" transparent="0" glitter="0" lddname="Bright Yellowish Green" group="9" notes="" lastmod="2013-09-18 15:50:22.001"></colormap>
<colormap id="64" ldd="120" bl="35" ldraw="120" r="222" g="234" b="146" a="255" inuse="0" metallic="0" transparent="0" glitter="0" lddname="Light Yellowish Green" group="9" notes="" lastmod="2013-09-18 15:50:24.209"></colormap>
<colormap id="68" ldd="124" bl="71" ldraw="26" r="144" g="31" b="118" a="255" inuse="1" metallic="0" transparent="0" glitter="0" lddname="Bright Reddish Violet" group="13" notes="" lastmod="2013-09-18 15:50:43.465"></colormap>
<colormap id="69" ldd="125" bl="32" ldraw="125" r="249" g="167" b="119" a="255" inuse="0" metallic="0" transparent="0" glitter="0" lddname="Light Orange" group="7" notes="" lastmod="2013-09-18 15:50:47.769"></colormap>
<colormap id="71" ldd="127" bl="61" ldraw="142" r="222" g="172" b="102" a="255" inuse="0" metallic="1" transparent="0" glitter="0" lddname="Gold" group="16" notes="" lastmod="2013-09-18 15:50:51.705"></colormap>
<colormap id="72" ldd="128" bl="0" ldraw="-1" r="173" g="97" b="64" a="255" inuse="0" metallic="0" transparent="0" glitter="0" lddname="Dark Nougat" group="4" notes="" lastmod="2013-09-18 15:50:57.449"></colormap>
<colormap id="73" ldd="129" bl="102" ldraw="129" r="67" g="84" b="147" a="150" inuse="0" metallic="0" transparent="1" glitter="1" lddname="Tr. Bluish Violet (Glitter)" group="13" notes="" lastmod="2013-09-18 15:51:17.233"></colormap>
<colormap id="74" ldd="131" bl="66" ldraw="179" r="160" g="160" b="160" a="255" inuse="0" metallic="1" transparent="0" glitter="0" lddname="Silver" group="17" notes="" lastmod="2013-09-18 15:51:23.796"></colormap>
<colormap id="77" ldd="135" bl="55" ldraw="379" r="112" g="129" b="154" a="255" inuse="1" metallic="0" transparent="0" glitter="0" lddname="Sand Blue" group="11" notes="" lastmod="2013-09-18 15:51:41.321"></colormap>
<colormap id="78" ldd="136" bl="54" ldraw="373" r="117" g="101" b="125" a="255" inuse="0" metallic="0" transparent="0" glitter="0" lddname="Sand Violet" group="13" notes="" lastmod="2013-09-18 15:51:44.218"></colormap>
<colormap id="80" ldd="138" bl="69" ldraw="28" r="137" g="125" b="98" a="255" inuse="1" metallic="0" transparent="0" glitter="0" lddname="Sand Yellow" group="4" notes="" lastmod="2013-09-18 15:51:55.322"></colormap>
<colormap id="81" ldd="139" bl="84" ldraw="134" r="118" g="77" b="59" a="255" inuse="0" metallic="1" transparent="0" glitter="0" lddname="Copper" group="16" notes="" lastmod="2013-09-18 15:52:05.042"></colormap>
<colormap id="82" ldd="140" bl="63" ldraw="272" r="25" g="50" b="90" a="255" inuse="1" metallic="0" transparent="0" glitter="0" lddname="Earth Blue" group="11" notes="" lastmod="2013-09-18 15:52:10.802"></colormap>
<colormap id="83" ldd="141" bl="80" ldraw="288" r="0" g="69" b="26" a="255" inuse="1" metallic="0" transparent="0" glitter="0" lddname="Earth Green" group="10" notes="" lastmod="2013-09-18 15:52:12.642"></colormap>
<colormap id="85" ldd="145" bl="78" ldraw="137" r="91" g="117" b="144" a="255" inuse="0" metallic="1" transparent="0" glitter="0" lddname="Metallic Sand Blue" group="11" notes="" lastmod="2013-09-18 15:52:17.658"></colormap>
<colormap id="88" ldd="148" bl="0" ldraw="148" r="72" g="77" b="72" a="255" inuse="0" metallic="1" transparent="0" glitter="0" lddname="Metallic Dark Grey" group="17" notes="see LDD 316 (titanium metallic)" lastmod="2013-09-18 15:52:58.818"></colormap>
<colormap id="91" ldd="151" bl="48" ldraw="378" r="112" g="142" b="124" a="255" inuse="1" metallic="0" transparent="0" glitter="0" lddname="Sand Green" group="10" notes="" lastmod="2013-09-18 15:53:03.818"></colormap>
<colormap id="92" ldd="153" bl="58" ldraw="335" r="136" g="96" b="94" a="255" inuse="0" metallic="0" transparent="0" glitter="0" lddname="Sand Red" group="4" notes="" lastmod="2013-09-18 15:53:08.818"></colormap>
<colormap id="93" ldd="154" bl="59" ldraw="320" r="114" g="0" b="18" a="255" inuse="1" metallic="0" transparent="0" glitter="0" lddname="New Dark Red" group="6" notes="" lastmod="2013-09-18 15:53:11.682"></colormap>
<colormap id="97" ldd="176" bl="0" ldraw="-1" r="148" g="81" b="72" a="255" inuse="0" metallic="0" transparent="0" glitter="0" lddname="Flip/Flop Red" group="6" notes="2001 Bionicle Promo Masks" lastmod="2013-09-18 15:53:19.819"></colormap>
<colormap id="98" ldd="178" bl="0" ldraw="-1" r="171" g="103" b="58" a="255" inuse="0" metallic="0" transparent="0" glitter="0" lddname="Yellow Flip/Flop" group="16" notes="2002 Bionicle gold masks" lastmod="2013-09-18 15:53:23.418"></colormap>
<colormap id="99" ldd="179" bl="0" ldraw="135" r="115" g="114" b="113" a="255" inuse="0" metallic="1" transparent="0" glitter="0" lddname="Silver Flip/Flop" group="17" notes="Bionicle 2002" lastmod="2013-09-18 15:53:26.122"></colormap>
<colormap id="100" ldd="180" bl="0" ldraw="-1" r="221" g="152" b="46" a="255" inuse="0" metallic="0" transparent="0" glitter="0" lddname="Curry" group="5" notes="" lastmod="2013-09-18 15:53:30.946"></colormap>
<colormap id="102" ldd="183" bl="0" ldraw="183" r="246" g="242" b="223" a="255" inuse="0" metallic="1" transparent="0" glitter="0" lddname="Metallic White" group="3" notes="" lastmod="2013-09-18 15:53:37.562"></colormap>
<colormap id="106" ldd="187" bl="81" ldraw="178" r="87" g="57" b="44" a="255" inuse="0" metallic="1" transparent="0" glitter="0" lddname="Metallic Earth-Orange" group="4" notes="Bionicle, Knight's Kingdom" lastmod="2013-09-18 15:53:58.811"></colormap>
<colormap id="110" ldd="191" bl="110" ldraw="191" r="252" g="172" b="0" a="255" inuse="0" metallic="0" transparent="0" glitter="0" lddname="Flame Yellowish Orange" group="7" notes="Intro 2004, replaced 105" lastmod="2013-09-18 15:54:15.603"></colormap>
<colormap id="111" ldd="192" bl="88" ldraw="70" r="95" g="49" b="9" a="255" inuse="1" metallic="0" transparent="0" glitter="0" lddname="Reddish Brown" group="4" notes="" lastmod="2013-09-18 15:54:19.563"></colormap>
<colormap id="113" ldd="194" bl="86" ldraw="71" r="150" g="150" b="150" a="255" inuse="1" metallic="0" transparent="0" glitter="0" lddname="Medium Stone Grey" group="2" notes="" lastmod="2013-09-18 15:54:27.635"></colormap>
<colormap id="115" ldd="196" bl="109" ldraw="23" r="14" g="62" b="154" a="255" inuse="0" metallic="0" transparent="0" glitter="0" lddname="Dark Royal Blue" group="11" notes="" lastmod="2013-09-18 15:54:33.627"></colormap>
<colormap id="117" ldd="198" bl="93" ldraw="69" r="138" g="18" b="168" a="255" inuse="0" metallic="0" transparent="0" glitter="0" lddname="Bright Reddish Lilac" group="13" notes="" lastmod="2013-09-18 15:54:41.891"></colormap>
<colormap id="118" ldd="199" bl="85" ldraw="72" r="100" g="100" b="100" a="255" inuse="1" metallic="0" transparent="0" glitter="0" lddname="Dark Stone Grey" group="1" notes="" lastmod="2013-09-18 15:54:46.827"></colormap>
<colormap id="119" ldd="200" bl="70" ldraw="81" r="106" g="121" b="68" a="255" inuse="0" metallic="1" transparent="0" glitter="0" lddname="Lemon Metallic" group="9" notes="" lastmod="2013-09-18 15:54:54.451"></colormap>
<colormap id="120" ldd="208" bl="99" ldraw="151" r="200" g="200" b="200" a="255" inuse="1" metallic="0" transparent="0" glitter="0" lddname="Light Stone Grey" group="2" notes="" lastmod="2013-09-18 15:54:58.515"></colormap>
<colormap id="124" ldd="212" bl="105" ldraw="212" r="157" g="195" b="247" a="255" inuse="1" metallic="0" transparent="0" glitter="0" lddname="Light Royal Blue" group="12" notes="" lastmod="2013-09-18 15:55:12.347"></colormap>
<colormap id="131" ldd="221" bl="47" ldraw="5" r="211" g="53" b="157" a="255" inuse="1" metallic="0" transparent="0" glitter="0" lddname="Bright Purple" group="14" notes="Disc. 2004" lastmod="2013-09-18 15:55:30.875"></colormap>
<colormap id="132" ldd="222" bl="104" ldraw="29" r="255" g="158" b="205" a="255" inuse="1" metallic="0" transparent="0" glitter="0" lddname="Light Purple" group="14" notes="" lastmod="2013-09-18 15:55:38.979"></colormap>
<colormap id="133" ldd="223" bl="56" ldraw="77" r="241" g="120" b="128" a="255" inuse="0" metallic="0" transparent="0" glitter="0" lddname="Light Pink" group="15" notes="pre-1995" lastmod="2013-09-18 15:55:42.411"></colormap>
<colormap id="142" ldd="232" bl="87" ldraw="232" r="119" g="201" b="216" a="255" inuse="0" metallic="0" transparent="0" glitter="0" lddname="Dove Blue" group="12" notes="" lastmod="2013-09-18 15:55:55.259"></colormap>
<colormap id="146" ldd="268" bl="89" ldraw="85" r="68" g="26" b="145" a="255" inuse="1" metallic="0" transparent="0" glitter="0" lddname="Medium Lilac" group="13" notes="" lastmod="2013-09-18 15:56:01.468"></colormap>
<colormap id="148" ldd="283" bl="90" ldraw="78" r="255" g="201" b="149" a="255" inuse="0" metallic="0" transparent="0" glitter="0" lddname="Light Nougat" group="5" notes="" lastmod="2013-09-18 15:56:09.532"></colormap>
<colormap id="153" ldd="297" bl="115" ldraw="297" r="170" g="127" b="46" a="255" inuse="1" metallic="1" transparent="0" glitter="0" lddname="Warm Gold" group="16" notes="new 2006" lastmod="2013-09-18 15:56:14.956"></colormap>
<colormap id="155" ldd="308" bl="120" ldraw="308" r="55" g="33" b="0" a="255" inuse="1" metallic="0" transparent="0" glitter="0" lddname="Dark Brown" group="4" notes="Dwarf Hair" lastmod="2013-09-18 15:56:21.724"></colormap>
<colormap id="156" ldd="309" bl="22" ldraw="-1" r="206" g="206" b="206" a="255" inuse="1" metallic="1" transparent="0" glitter="0" lddname="Metalized Silver" group="17" notes="" lastmod="2013-09-18 15:56:24.924"></colormap>
<colormap id="157" ldd="310" bl="21" ldraw="334" r="223" g="193" b="118" a="255" inuse="1" metallic="1" transparent="0" glitter="0" lddname="Metalized Gold" group="16" notes="" lastmod="2013-09-18 15:56:26.652"></colormap>
<colormap id="159" ldd="312" bl="150" ldraw="86" r="170" g="125" b="85" a="255" inuse="1" metallic="0" transparent="0" glitter="0" lddname="Medium Nougat" group="4" notes="some parts in 10216 (not sure)" lastmod="2013-09-18 15:56:30.036"></colormap>
<colormap id="160" ldd="315" bl="95" ldraw="87" r="140" g="140" b="140" a="255" inuse="1" metallic="1" transparent="0" glitter="0" lddname="Silver Metallic" group="17" notes="" lastmod="2013-09-18 15:56:32.516"></colormap>
<colormap id="161" ldd="316" bl="77" ldraw="83" r="62" g="60" b="57" a="255" inuse="1" metallic="1" transparent="0" glitter="0" lddname="Titanium Metallic" group="1" notes="part no.4625860 (bad robot arm)" lastmod="2013-09-18 15:56:48.932"></colormap>
<colormap id="162" ldd="321" bl="153" ldraw="321" r="70" g="155" b="195" a="255" inuse="1" metallic="0" transparent="0" glitter="0" lddname="Dark Azur" group="11" notes="new in 2011" lastmod="2013-09-18 15:57:00.733"></colormap>
<colormap id="163" ldd="322" bl="156" ldraw="322" r="104" g="195" b="226" a="255" inuse="1" metallic="0" transparent="0" glitter="0" lddname="Medium Azur" group="12" notes="New in Friends" lastmod="2013-09-18 15:57:03.684"></colormap>
<colormap id="164" ldd="323" bl="152" ldraw="323" r="211" g="242" b="234" a="255" inuse="1" metallic="0" transparent="0" glitter="0" lddname="Aqua" group="12" notes="new in 2011" lastmod="2013-09-18 15:57:06.276"></colormap>
<colormap id="165" ldd="324" bl="157" ldraw="30" r="160" g="110" b="185" a="255" inuse="1" metallic="0" transparent="0" glitter="0" lddname="Medium Lavender" group="13" notes="" lastmod="2013-09-18 15:57:10.18"></colormap>
<colormap id="169" ldd="330" bl="155" ldraw="330" r="119" g="119" b="78" a="255" inuse="1" metallic="0" transparent="0" glitter="0" lddname="Olive Green" group="10" notes="New (2013, Ninja Turtles)" lastmod="2013-09-18 15:57:22.748"></colormap>
<colormap id="172" ldd="301" bl="0" ldraw="383" r="204" g="204" b="204" a="255" inuse="0" metallic="1" transparent="0" glitter="0" lddname="Silver" group="17" notes="" lastmod="2013-09-18 15:57:34.828"></colormap>
<colormap id="183" ldd="0" bl="0" ldraw="324" r="196" g="0" b="30" a="255" inuse="0" metallic="0" transparent="0" glitter="0" lddname="Red (rubber)" group="6" notes="Ldraw specific color" lastmod="2013-09-18 15:57:46.572"></colormap>
<colormap id="184" ldd="0" bl="0" ldraw="350" r="208" g="102" b="16" a="255" inuse="0" metallic="0" transparent="0" glitter="0" lddname="Orange (rubber)" group="7" notes="Ldraw specific color" lastmod="2013-09-18 15:58:12.156"></colormap>
<colormap id="185" ldd="0" bl="0" ldraw="496" r="163" g="162" b="164" a="255" inuse="0" metallic="0" transparent="0" glitter="0" lddname="Light bluish gray (rubber)" group="2" notes="Ldraw specific color" lastmod="2013-09-18 15:58:15.828"></colormap>
<colormap id="20" ldd="20" bl="60" ldraw="79" r="233" g="233" b="233" a="150" inuse="0" metallic="0" transparent="1" glitter="1" lddname="Nature" group="3" notes="Disc. 2008" lastmod="2013-09-18 15:58:24.749"></colormap>
<colormap id="34" ldd="40" bl="12" ldraw="47" r="238" g="238" b="238" a="150" inuse="1" metallic="0" transparent="1" glitter="1" lddname="Transparent" group="3" notes="" lastmod="2013-09-18 15:58:27.349"></colormap>
<colormap id="35" ldd="41" bl="17" ldraw="36" r="184" g="39" b="0" a="150" inuse="1" metallic="0" transparent="1" glitter="1" lddname="Tr. Red" group="6" notes="" lastmod="2013-09-18 15:58:29.941"></colormap>
<colormap id="36" ldd="42" bl="15" ldraw="43" r="173" g="221" b="237" a="150" inuse="1" metallic="0" transparent="1" glitter="1" lddname="Tr. Light Blue" group="12" notes="" lastmod="2013-09-18 15:58:33.285"></colormap>
<colormap id="37" ldd="43" bl="14" ldraw="33" r="119" g="183" b="204" a="150" inuse="1" metallic="0" transparent="1" glitter="1" lddname="Tr. Blue" group="11" notes="" lastmod="2013-09-18 15:58:35.981"></colormap>
<colormap id="38" ldd="44" bl="19" ldraw="46" r="250" g="241" b="93" a="150" inuse="1" metallic="0" transparent="1" glitter="1" lddname="Tr. Yellow" group="8" notes="" lastmod="2013-09-18 15:58:38.365"></colormap>
<colormap id="40" ldd="47" bl="18" ldraw="38" r="208" g="109" b="79" a="150" inuse="1" metallic="0" transparent="1" glitter="1" lddname="Tr. Fluore.Redd. Orange" group="7" notes="" lastmod="2013-09-18 15:58:43.141"></colormap>
<colormap id="42" ldd="49" bl="16" ldraw="42" r="250" g="241" b="91" a="150" inuse="1" metallic="0" transparent="1" glitter="1" lddname="Tr. Fluore. Green" group="9" notes="" lastmod="2013-09-18 15:58:47.565"></colormap>
<colormap id="55" ldd="111" bl="13" ldraw="40" r="187" g="178" b="158" a="150" inuse="1" metallic="0" transparent="1" glitter="1" lddname="Tr. Brown" group="4" notes="" lastmod="2013-09-18 15:58:51.669"></colormap>
<colormap id="57" ldd="113" bl="50" ldraw="37" r="253" g="142" b="207" a="150" inuse="1" metallic="0" transparent="1" glitter="1" lddname="Tr.Medium Reddish Violet" group="15" notes="" lastmod="2013-09-18 15:59:07.221"></colormap>
<colormap id="58" ldd="114" bl="100" ldraw="114" r="254" g="0" b="254" a="150" inuse="0" metallic="0" transparent="1" glitter="1" lddname="Tr. Pink Glitter" group="15" notes="" lastmod="2013-09-18 15:59:10.589"></colormap>
<colormap id="61" ldd="117" bl="101" ldraw="117" r="247" g="247" b="247" a="150" inuse="0" metallic="0" transparent="1" glitter="1" lddname="Tr. w. Glitter" group="3" notes="" lastmod="2013-09-18 15:59:15.429"></colormap>
<colormap id="70" ldd="126" bl="51" ldraw="52" r="156" g="149" b="199" a="150" inuse="1" metallic="0" transparent="1" glitter="1" lddname="Tr.Bright Bluish Violet" group="13" notes="" lastmod="2013-09-18 15:59:19.534"></colormap>
<colormap id="84" ldd="143" bl="74" ldraw="41" r="208" g="229" b="255" a="150" inuse="1" metallic="0" transparent="1" glitter="1" lddname="Tr.Fluore. Blue" group="12" notes="" lastmod="2013-09-18 15:59:23.637"></colormap>
<colormap id="94" ldd="157" bl="121" ldraw="54" r="255" g="246" b="92" a="150" inuse="0" metallic="0" transparent="1" glitter="1" lddname="Tr. Fluore.Yellow" group="8" notes="" lastmod="2013-09-18 15:59:26.469"></colormap>
<colormap id="101" ldd="182" bl="98" ldraw="57" r="225" g="141" b="10" a="150" inuse="1" metallic="0" transparent="1" glitter="1" lddname="Tr. Bright Orange" group="7" notes="" lastmod="2013-09-18 15:59:50.118"></colormap>
<colormap id="151" ldd="294" bl="118" ldraw="21" r="213" g="220" b="138" a="150" inuse="1" metallic="0" transparent="1" glitter="1" lddname="Phosph.Green" group="9" notes="" lastmod="2013-09-18 16:00:43.79"></colormap>
<colormap id="158" ldd="311" bl="108" ldraw="35" r="175" g="210" b="70" a="150" inuse="1" metallic="0" transparent="1" glitter="1" lddname="Tr. Bright Green" group="9" notes="new 2010" lastmod="2013-09-18 16:00:46.79"></colormap>
<colormap id="41" ldd="48" bl="20" ldraw="34" r="115" g="180" b="100" a="150" inuse="1" metallic="0" transparent="1" glitter="1" lddname="Tr. Green" group="9" notes="" lastmod="2013-09-18 16:00:49.078"></colormap>
<colormap id="48" ldd="104" bl="24" ldraw="22" r="103" g="31" b="129" a="255" inuse="0" metallic="0" transparent="0" glitter="0" lddname="Bright Violet" group="13" notes="" lastmod="2013-09-18 16:00:54.742"></colormap>
<colormap id="95" ldd="158" bl="0" ldraw="-1" r="241" g="142" b="187" a="150" inuse="0" metallic="0" transparent="1" glitter="1" lddname="Tr. Fluore. Red" group="6" notes="" lastmod="2013-09-18 16:00:58.365"></colormap>
<colormap id="154" ldd="298" bl="67" ldraw="80" r="118" g="118" b="118" a="255" inuse="1" metallic="1" transparent="0" glitter="0" lddname="Cool silver, drum lacq" group="17" notes="" lastmod="2013-09-20 11:56:15.496"></colormap>
<colormap id="89" ldd="149" bl="0" ldraw="-1" r="10" g="19" b="39" a="255" inuse="0" metallic="1" transparent="0" glitter="0" lddname="Metallic Black" group="0" notes="" lastmod="2013-07-23 15:54:24.599"></colormap>
<colormap id="109" ldd="190" bl="0" ldraw="-1" r="255" g="207" b="11" a="255" inuse="0" metallic="0" transparent="0" glitter="0" lddname="Fire Yellow" group="8" notes="" lastmod="2013-07-23 15:56:03.8"></colormap>
<colormap id="144" ldd="234" bl="0" ldraw="-1" r="251" g="232" b="144" a="150" inuse="0" metallic="0" transparent="1" glitter="1" lddname="Tr. Fire Yellow" group="8" notes="" lastmod="2013-07-23 15:59:21.121"></colormap>
<colormap id="9" ldd="9" bl="0" ldraw="13" r="246" g="169" b="187" a="255" inuse="0" metallic="0" transparent="0" glitter="0" lddname="Light Reddish Violet" group="15" notes="" lastmod="2013-09-18 15:47:15.57"></colormap>
<colormap id="52" ldd="108" bl="0" ldraw="-1" r="86" g="71" b="47" a="255" inuse="0" metallic="0" transparent="0" glitter="0" lddname="Earth Yellow" group="4" notes="" lastmod="2013-09-18 15:49:42.401"></colormap>
<colormap id="65" ldd="121" bl="0" ldraw="-1" r="248" g="154" b="57" a="255" inuse="0" metallic="0" transparent="0" glitter="0" lddname="Medium Yellowish Orange" group="7" notes="" lastmod="2013-09-18 15:50:27.985"></colormap>
<colormap id="67" ldd="123" bl="0" ldraw="-1" r="238" g="84" b="52" a="255" inuse="0" metallic="0" transparent="0" glitter="0" lddname="Bright Reddish Orange" group="7" notes="" lastmod="2013-09-18 15:50:38.193"></colormap>
<colormap id="75" ldd="133" bl="0" ldraw="-1" r="239" g="88" b="40" a="255" inuse="0" metallic="0" transparent="0" glitter="0" lddname="Neon Orange" group="7" notes="" lastmod="2013-09-18 15:51:31.409"></colormap>
<colormap id="76" ldd="134" bl="0" ldraw="-1" r="205" g="221" b="52" a="255" inuse="0" metallic="0" transparent="0" glitter="0" lddname="Neon Green" group="9" notes="" lastmod="2013-09-18 15:51:35.401"></colormap>
<colormap id="79" ldd="137" bl="0" ldraw="-1" r="244" g="129" b="71" a="255" inuse="0" metallic="0" transparent="0" glitter="0" lddname="Medium Orange" group="7" notes="" lastmod="2013-09-18 15:51:48.514"></colormap>
<colormap id="86" ldd="146" bl="0" ldraw="-1" r="129" g="117" b="144" a="255" inuse="0" metallic="1" transparent="0" glitter="0" lddname="Metallic Sand Violet" group="13" notes="" lastmod="2013-09-18 15:52:20.274"></colormap>
<colormap id="87" ldd="147" bl="0" ldraw="-1" r="131" g="114" b="79" a="255" inuse="0" metallic="1" transparent="0" glitter="0" lddname="Metallic Sand Yellow" group="4" notes="" lastmod="2013-09-18 15:52:25.058"></colormap>
<colormap id="90" ldd="150" bl="0" ldraw="-1" r="152" g="155" b="153" a="255" inuse="0" metallic="1" transparent="0" glitter="0" lddname="Metallic Light Grey" group="17" notes="" lastmod="2013-09-18 15:52:51.858"></colormap>
<colormap id="96" ldd="168" bl="0" ldraw="-1" r="96" g="86" b="76" a="255" inuse="0" metallic="1" transparent="0" glitter="0" lddname="Gun Metallic" group="17" notes="" lastmod="2013-09-18 15:53:16.266"></colormap>
<colormap id="103" ldd="184" bl="0" ldraw="-1" r="214" g="0" b="38" a="255" inuse="0" metallic="1" transparent="0" glitter="0" lddname="Metallic Bright Red" group="6" notes="" lastmod="2013-09-18 15:53:45.21"></colormap>
<colormap id="104" ldd="185" bl="0" ldraw="-1" r="0" g="89" b="163" a="255" inuse="0" metallic="1" transparent="0" glitter="0" lddname="Metallic Bright Blue" group="11" notes="" lastmod="2013-09-18 15:53:50.106"></colormap>
<colormap id="105" ldd="186" bl="0" ldraw="-1" r="0" g="142" b="60" a="255" inuse="0" metallic="1" transparent="0" glitter="0" lddname="Metallic Dark Green" group="10" notes="" lastmod="2013-09-18 15:53:53.067"></colormap>
<colormap id="107" ldd="188" bl="0" ldraw="-1" r="0" g="158" b="206" a="255" inuse="0" metallic="0" transparent="0" glitter="0" lddname="Tiny-Blue" group="12" notes="" lastmod="2013-09-18 15:54:05.171"></colormap>
<colormap id="108" ldd="189" bl="0" ldraw="-1" r="172" g="130" b="71" a="255" inuse="0" metallic="1" transparent="0" glitter="0" lddname="Reddish Gold" group="16" notes="" lastmod="2013-09-18 15:54:09.915"></colormap>
<colormap id="112" ldd="193" bl="0" ldraw="-1" r="236" g="68" b="29" a="255" inuse="0" metallic="0" transparent="0" glitter="0" lddname="Flame Reddish Orange" group="7" notes="" lastmod="2013-09-18 15:54:23.267"></colormap>
<colormap id="114" ldd="195" bl="0" ldraw="89" r="28" g="88" b="167" a="255" inuse="0" metallic="0" transparent="0" glitter="0" lddname="Royal Blue" group="11" notes="" lastmod="2013-09-18 15:54:31.227"></colormap>
<colormap id="116" ldd="197" bl="0" ldraw="-1" r="49" g="43" b="135" a="255" inuse="0" metallic="0" transparent="0" glitter="0" lddname="Bright Lilac" group="13" notes="" lastmod="2013-09-18 15:54:38.723"></colormap>
<colormap id="121" ldd="209" bl="0" ldraw="-1" r="164" g="118" b="36" a="255" inuse="0" metallic="0" transparent="0" glitter="0" lddname="Dark Curry" group="5" notes="" lastmod="2013-09-18 15:55:01.995"></colormap>
<colormap id="122" ldd="210" bl="0" ldraw="-1" r="70" g="138" b="95" a="255" inuse="0" metallic="0" transparent="0" glitter="0" lddname="Faded Green" group="10" notes="" lastmod="2013-09-18 15:55:04.98"></colormap>
<colormap id="123" ldd="211" bl="0" ldraw="-1" r="63" g="182" b="169" a="255" inuse="0" metallic="0" transparent="0" glitter="0" lddname="Turquoise" group="12" notes="" lastmod="2013-09-18 15:55:08.963"></colormap>
<colormap id="128" ldd="218" bl="0" ldraw="-1" r="142" g="85" b="151" a="255" inuse="0" metallic="0" transparent="0" glitter="0" lddname="Reddish Lilac" group="13" notes="" lastmod="2013-09-18 15:55:22.683"></colormap>
<colormap id="129" ldd="219" bl="0" ldraw="-1" r="86" g="78" b="157" a="255" inuse="0" metallic="0" transparent="0" glitter="0" lddname="Lilac" group="13" notes="" lastmod="2013-09-18 15:55:25.331"></colormap>
<colormap id="130" ldd="220" bl="0" ldraw="-1" r="145" g="149" b="202" a="255" inuse="0" metallic="0" transparent="0" glitter="0" lddname="Light Lilac" group="13" notes="" lastmod="2013-09-18 15:55:28.227"></colormap>
<colormap id="134" ldd="224" bl="0" ldraw="-1" r="243" g="201" b="136" a="255" inuse="0" metallic="0" transparent="0" glitter="0" lddname="Light Brick Yellow" group="5" notes="" lastmod="2013-09-18 15:55:48.371"></colormap>
<colormap id="135" ldd="225" bl="0" ldraw="-1" r="250" g="169" b="100" a="255" inuse="0" metallic="0" transparent="0" glitter="0" lddname="Warm Yellowish Orange" group="7" notes="" lastmod="2013-09-18 15:55:51.059"></colormap>
<colormap id="143" ldd="233" bl="0" ldraw="-1" r="96" g="186" b="118" a="255" inuse="0" metallic="0" transparent="0" glitter="0" lddname="Light Faded Green" group="9" notes="" lastmod="2013-09-18 15:55:57.899"></colormap>
<colormap id="147" ldd="269" bl="0" ldraw="-1" r="62" g="149" b="182" a="255" inuse="0" metallic="0" transparent="0" glitter="0" lddname="Tiny-Medium Blue" group="11" notes="" lastmod="2013-09-18 15:56:05.547"></colormap>
<colormap id="152" ldd="296" bl="0" ldraw="-1" r="173" g="173" b="173" a="255" inuse="0" metallic="1" transparent="0" glitter="0" lddname="Cool Silver" group="17" notes="" lastmod="2013-09-18 15:56:12.572"></colormap>
<colormap id="166" ldd="325" bl="154" ldraw="31" r="205" g="164" b="222" a="255" inuse="1" metallic="0" transparent="0" glitter="0" lddname="Lavender" group="13" notes="" lastmod="2013-09-18 15:57:12.884"></colormap>
<colormap id="167" ldd="326" bl="158" ldraw="326" r="226" g="249" b="154" a="255" inuse="0" metallic="0" transparent="0" glitter="0" lddname="Spring Yellowish Green" group="9" notes="" lastmod="2013-09-18 15:57:15.556"></colormap>
<colormap id="168" ldd="329" bl="159" ldraw="-1" r="245" g="243" b="215" a="255" inuse="1" metallic="0" transparent="0" glitter="0" lddname="White Glow" group="3" notes="" lastmod="2013-09-18 15:57:19.644"></colormap>
<colormap id="174" ldd="86" bl="91" ldraw="-1" r="197" g="148" b="118" a="255" inuse="0" metallic="0" transparent="0" glitter="0" lddname="Medium Nougat" group="5" notes="" lastmod="2013-09-18 15:57:40.932"></colormap>
<colormap id="137" ldd="227" bl="0" ldraw="-1" r="201" g="231" b="136" a="150" inuse="0" metallic="0" transparent="1" glitter="1" lddname="Tr. Bright Yellowish Green" group="9" notes="" lastmod="2013-09-18 15:59:34.933"></colormap>
<colormap id="139" ldd="229" bl="0" ldraw="39" r="172" g="212" b="222" a="150" inuse="0" metallic="0" transparent="1" glitter="1" lddname="Tr. Light Bluish Green" group="9" notes="" lastmod="2013-09-18 16:00:06.062"></colormap>
<colormap id="140" ldd="230" bl="0" ldraw="-1" r="236" g="163" b="201" a="150" inuse="0" metallic="0" transparent="1" glitter="1" lddname="Tr. Bright Purple" group="14" notes="" lastmod="2013-09-18 16:00:09.997"></colormap>
<colormap id="141" ldd="231" bl="0" ldraw="-1" r="252" g="183" b="109" a="150" inuse="0" metallic="0" transparent="1" glitter="1" lddname="Tr. Flame Yellowish Orange" group="7" notes="" lastmod="2013-09-18 16:00:17.165"></colormap>
<colormap id="145" ldd="236" bl="0" ldraw="-1" r="141" g="115" b="179" a="150" inuse="0" metallic="0" transparent="1" glitter="1" lddname="Tr. Bright Reddish Lilac" group="13" notes="" lastmod="2013-09-18 16:00:21.694"></colormap>
<colormap id="149" ldd="284" bl="0" ldraw="-1" r="224" g="208" b="229" a="150" inuse="0" metallic="0" transparent="1" glitter="1" lddname="Tr. Reddish Lilaq" group="13" notes="" lastmod="2013-09-18 16:00:24.765"></colormap>
<colormap id="15" ldd="15" bl="0" ldraw="-1" r="255" g="242" b="48" a="255" inuse="0" metallic="0" transparent="0" glitter="0" lddname="" group="8" notes="" lastmod="2013-07-23 15:45:54.092"></colormap>
<colormap id="10" ldd="10" bl="0" ldraw="-1" r="255" g="255" b="189" a="150" inuse="0" metallic="0" transparent="1" glitter="1" lddname="" group="8" notes="" lastmod="2013-07-23 15:45:44.084"></colormap>
<colormap id="7" ldd="7" bl="0" ldraw="-1" r="255" g="133" b="0" a="255" inuse="0" metallic="0" transparent="0" glitter="0" lddname="" group="7" notes="" lastmod="2013-09-18 15:47:03.768"></colormap>
<colormap id="8" ldd="8" bl="0" ldraw="-1" r="140" g="0" b="255" a="255" inuse="0" metallic="0" transparent="0" glitter="0" lddname="" group="13" notes="" lastmod="2013-09-18 15:47:07.529"></colormap>
<colormap id="13" ldd="13" bl="0" ldraw="-1" r="255" g="128" b="20" a="255" inuse="0" metallic="0" transparent="0" glitter="0" lddname="" group="7" notes="" lastmod="2013-09-18 15:47:34.409"></colormap>
<colormap id="14" ldd="14" bl="0" ldraw="-1" r="120" g="252" b="120" a="255" inuse="0" metallic="0" transparent="0" glitter="0" lddname="" group="9" notes="" lastmod="2013-09-18 15:47:36.169"></colormap>
<colormap id="17" ldd="17" bl="0" ldraw="-1" r="255" g="148" b="148" a="255" inuse="0" metallic="0" transparent="0" glitter="0" lddname="" group="15" notes="" lastmod="2013-09-18 15:47:44.489"></colormap>
<colormap id="19" ldd="19" bl="0" ldraw="-1" r="207" g="138" b="71" a="255" inuse="0" metallic="0" transparent="0" glitter="0" lddname="" group="4" notes="" lastmod="2013-09-18 15:47:58.305"></colormap>
<colormap id="66" ldd="122" bl="0" ldraw="-1" r="254" g="203" b="152" a="255" inuse="0" metallic="0" transparent="0" glitter="0" lddname="" group="7" notes="" lastmod="2013-09-18 15:50:32.417"></colormap>
<colormap id="138" ldd="228" bl="0" ldraw="-1" r="85" g="165" b="175" a="150" inuse="0" metallic="0" transparent="1" glitter="1" lddname="" group="12" notes="" lastmod="2013-09-18 16:00:00.493"></colormap>
<colormap id="150" ldd="285" bl="0" ldraw="-1" r="228" g="214" b="218" a="150" inuse="0" metallic="0" transparent="1" glitter="1" lddname="" group="13" notes="" lastmod="2013-09-18 16:00:39.877"></colormap>
<colormap id="171" ldd="299" bl="65" ldraw="82" r="225" g="191" b="111" a="255" inuse="1" metallic="1" transparent="0" glitter="0" lddname="Lacquered Gold/Warm Gold" group="16" notes="" lastmod="2014-02-02 12:25:03.347"></colormap>
<colormap id="186" ldd="0" bl="0" ldraw="256" r="33" g="33" b="33" a="255" inuse="0" metallic="0" transparent="0" glitter="0" lddname="Black (rubber)" group="0" notes="Ldraw specific color" lastmod="2014-02-02 12:25:03.354"></colormap>
<colormap id="187" ldd="0" bl="0" ldraw="273" r="0" g="51" b="178" a="255" inuse="0" metallic="0" transparent="0" glitter="0" lddname="Blue (Rubber)" group="11" notes="Ldraw specific color" lastmod="2014-03-14 09:22:25.721"></colormap>
<colormap id="125" ldd="213" bl="0" ldraw="-1" r="71" g="111" b="182" a="255" inuse="0" metallic="0" transparent="0" glitter="0" lddname="Medium Royal Blue" group="11" notes="" lastmod="2014-06-13 16:44:12.83"></colormap>
<colormap id="126" ldd="216" bl="27" ldraw="216" r="135" g="43" b="23" a="255" inuse="0" metallic="0" transparent="0" glitter="0" lddname="Rust" group="4" notes="" lastmod="2014-06-13 16:44:18.974"></colormap>
<colormap id="127" ldd="217" bl="8" ldraw="6" r="123" g="93" b="65" a="255" inuse="0" metallic="0" transparent="0" glitter="0" lddname="Brown" group="4" notes="" lastmod="2014-06-13 16:44:25.526"></colormap>
<colormap id="173" ldd="306" bl="57" ldraw="-1" r="139" g="90" b="70" a="255" inuse="0" metallic="1" transparent="0" glitter="0" lddname="Defused Copper" group="16" notes="" lastmod="2014-06-13 17:09:21.297"></colormap>
</colors>
</update>

